Name,Rarity,EquipmentType,CommanderMight,CommanderFocus,CommanderSpeed,Dwarves,Elves,Ents,Evil Men,Hobbits,Maiar,Men,Orcs,Undead,Uruk-hai,Attack(ALL),Attack(Beasts),Attack(Dwarves),Attack(Elves),Attack(Evil Men),Attack(Melee),Attack(Men),Attack(Orcs),Attack(Ranged),Attack(Trolls),Attack(Undead),Attack(Uruk-hai),Defense(ALL),Defense(Beasts),Defense(Dwarves),Defense(Elves),Defense(Evil Men),Defense(Large Units),Defense(Melee),Defense(Men),Defense(Mounted Units),Defense(Orcs),Defense(Ranged),Defense(Trolls),Defense(Uruk-hai),HP(ALL),HP(Dwarves),HP(Elves),HP(Evil Men),HP(Hobbits),HP(Melee),HP(Men),HP(Orcs),HP(Ranged),HP(Undead),HP(Uruk-hai),Siege(Uruk-hai),Speed(ALL),Speed(Beasts),Speed(Elves),Speed(Evil Men),Speed(Melee),Speed(Men),Speed(Mounted Units),Speed(Orcs),Speed(Ranged),Speed(Trolls),Speed(Uruk-Hai)
Orc Dagger,1,Weapon,4,2,0,1.0,0.0,0.0,1.0,1.0,1.0,1.0,1.0,1.0,1.0,0,0,0,0,0,0,0,0,0,0,0,0,0,0,0,0,0,0,0,0,0,0,0,0,0,0,0,0,0,0,0,0,0,0,0,0,0,0,0,0,0,0,0,0,0,0,0,0
Broadsword,1,Weapon,5,0,0,1.0,1.0,0.0,1.0,1.0,1.0,1.0,1.0,1.0,1.0,0,0,0,0,0,0,0,0,0,0,0,0,0,0,0,0,0,0,0,0,0,0,0,0,0,0,0,0,0,0,0,0,0,0,0,0,0,0,0,0,0,0,0,0,0,0,0,0
Bone Hatchet,1,Weapon,4,1,0,1.0,0.0,0.0,1.0,1.0,1.0,1.0,1.0,1.0,1.0,0,0,0,0,0,0,0,0,0,0,0,0,0,0,0,0,0,0,0,0,0,0,0,0,0,0,0,0,0,0,0,0,0,0,0,0,0,0,0,0,0,0,0,0,0,0,0,0
Ne'er Do Well's Coat,1,Armor,3,0,4,1.0,1.0,0.0,1.0,1.0,1.0,1.0,1.0,1.0,1.0,0,0,0,0,0,0,0,0,0,0,0,0,0,0,0,0,0,0,0,0,0,0,0,0,0,0,0,0,0,0,0,0,0,0,0,0,0,0,0,0,0,0,0,0,0,0,0,0
Light Helm,1,Helmet,4,0,2,1.0,1.0,0.0,1.0,1.0,1.0,1.0,1.0,1.0,1.0,0,0,0,0,0,0,0,0,0,0,0,0,0,0,0,0,0,0,0,0,0,0,0,0,0,0,0,0,0,0,0,0,0,0,0,0,0,0,0,0,0,0,0,0,0,0,0,0
Ranger's Dagger,2,Weapon,8,0,6,1.0,1.0,0.0,1.0,1.0,1.0,1.0,0.0,0.0,0.0,0,0,0,0,0,0,0,0,0,0,0,0,0,0,0,0,0,0,0,0,0,0,0,0,0,0,0,0,0,0,0,0,0,0,0,0,0,0,0,0,0,0,0,0,0,0,0,0
Haradrim Bow,2,Weapon,6,0,0,0.0,1.0,0.0,1.0,0.0,1.0,1.0,1.0,1.0,1.0,0,0,0,0,0,0,0,0,1,0,0,0,0,0,0,0,0,0,0,0,0,0,0,0,0,0,0,0,0,0,0,0,0,0,0,0,0,0,0,0,0,0,0,0,0,0,0,0
Orc Crossbow,2,Weapon,6,0,0,1.0,0.0,0.0,1.0,1.0,1.0,1.0,1.0,1.0,1.0,0,0,0,0,0,0,0,0,0,0,0,0,0,0,0,0,0,0,0,0,0,0,0,0,0,0,0,0,0,0,0,0,0,1,0,0,0,0,0,0,0,0,0,0,0,0,0,0
Orc Scimitar,2,Weapon,6,0,9,1.0,0.0,0.0,1.0,1.0,1.0,1.0,1.0,1.0,1.0,0,0,0,0,0,0,0,0,0,0,0,0,0,0,0,0,0,0,0,0,0,0,0,0,0,0,0,0,0,0,0,0,0,0,0,0,0,0,0,0,0,0,0,0,0,0,0,0
Broad Axe,2,Weapon,6,0,0,1.0,1.0,0.0,1.0,1.0,1.0,1.0,1.0,1.0,1.0,0,0,0,0,0,1,0,0,0,0,0,0,0,0,0,0,0,0,0,0,0,0,0,0,0,0,0,0,0,0,0,0,0,0,0,0,0,0,0,0,0,0,0,0,0,0,0,0
Spear of the Rangers,2,Weapon,6,4,4,1.0,1.0,0.0,1.0,1.0,1.0,1.0,0.0,0.0,0.0,0,0,0,0,0,0,0,0,0,0,0,0,0,0,0,0,0,0,0,0,0,0,0,0,0,0,0,0,0,0,0,0,0,0,0,0,0,0,0,0,0,0,0,0,0,0,0,0
Uruk-hai Pike,2,Weapon,12,0,0,0.0,0.0,0.0,1.0,0.0,1.0,1.0,1.0,1.0,1.0,0,0,0,0,0,0,0,0,0,0,0,0,0,0,0,0,0,0,0,0,0,0,0,0,0,0,0,0,0,0,0,0,0,0,0,0,0,0,0,0,0,0,0,0,0,0,0,0
Garrison Coat,2,Armor,6,0,0,1.0,1.0,0.0,1.0,1.0,1.0,1.0,1.0,1.0,1.0,0,0,0,0,0,0,0,0,0,0,0,0,0,0,0,0,0,0,0,0,0,0,0,0,0,0,0,0,0,0,1,0,0,0,0,0,0,0,0,0,0,0,0,0,0,0,0,0
Hunters Coat,2,Armor,6,0,0,1.0,1.0,0.0,1.0,1.0,1.0,1.0,1.0,1.0,1.0,0,0,0,0,0,0,0,0,0,0,0,0,0,0,0,0,0,0,0,0,0,0,0,0,0,0,0,0,0,0,0,0,0,1,0,0,0,0,0,0,0,0,0,0,0,0,0,0
Old Casque,2,Helmet,12,0,0,1.0,1.0,0.0,1.0,1.0,1.0,1.0,1.0,1.0,1.0,0,0,0,0,0,0,0,0,0,0,0,0,0,0,0,0,0,0,0,0,0,0,0,0,0,0,0,0,0,0,0,0,0,0,0,0,0,0,0,0,0,0,0,0,0,0,0,0
Rough Breastplate,2,Armor,6,0,0,1.0,1.0,0.0,1.0,0.0,1.0,1.0,1.0,1.0,1.0,0,0,0,0,0,0,0,0,0,0,0,0,0,0,0,0,0,0,5,0,0,0,0,0,0,0,0,0,0,0,0,0,0,0,0,0,0,0,0,0,0,0,0,0,0,0,0,0
Morningstar,2,Weapon,6,0,0,1.0,1.0,0.0,1.0,1.0,1.0,1.0,1.0,1.0,1.0,0,0,0,0,0,0,0,0,0,0,0,0,0,0,0,0,0,0,0,0,0,0,0,0,0,0,0,0,0,0,1,0,0,0,0,0,0,0,0,0,0,0,0,0,0,0,0,0
Leather Armor,2,Armor,8,3,3,1.0,1.0,0.0,1.0,1.0,1.0,1.0,1.0,1.0,1.0,0,0,0,0,0,0,0,0,0,0,0,0,0,0,0,0,0,0,0,0,0,0,0,0,0,0,0,0,0,0,0,0,0,0,0,0,0,0,0,0,0,0,0,0,0,0,0,0
Hithlain,3,Accessory,4,6,0,1.0,1.0,1.0,0.0,1.0,1.0,1.0,0.0,0.0,0.0,0,0,0,0,0,0,0,0,0,0,0,0,0,0,0,0,0,0,0,0,0,0,0,0,0,1,0,0,0,0,0,0,0,0,0,0,0,0,0,0,0,0,0,0,0,0,0,0
Hobbit Fiddle,3,Accessory,0,10,0,1.0,1.0,1.0,1.0,1.0,1.0,1.0,0.0,0.0,0.0,0,0,0,0,0,0,0,0,0,0,0,0,0,0,0,0,0,0,0,0,0,0,0,0,0,0,0,0,0,0,0,0,0,0,0,0,0,5,0,0,0,0,0,0,0,0,0,0
Worn-out Smoking Pipe,3,Accessory,0,15,0,1.0,1.0,1.0,1.0,1.0,1.0,1.0,1.0,0.0,1.0,0,0,0,0,0,0,0,0,0,0,0,0,0,0,0,0,0,0,0,0,0,0,0,0,0,0,0,0,0,0,0,0,0,0,0,0,0,0,0,0,0,0,0,0,0,0,0,0
Mirkwood Bow,3,Weapon,8,0,6,0.0,1.0,0.0,1.0,0.0,1.0,1.0,0.0,0.0,0.0,0,0,0,0,0,0,0,0,1,0,0,0,0,0,0,0,0,0,0,0,0,0,0,0,0,0,0,0,0,0,0,0,0,0,0,0,0,0,0,0,0,0,0,0,0,0,0,0
Harp of Lothlorien,3,Accessory,0,12,0,1.0,1.0,1.0,0.0,1.0,1.0,1.0,0.0,0.0,0.0,0,0,0,0,0,0,0,0,0,0,0,0,0,0,0,0,0,0,0,0,0,0,0,0,0,0,0,0,0,0,0,0,0,0,0,0,0,0,0,5,0,0,0,0,0,0,0,0
Battle Axe,3,Weapon,16,0,0,1.0,1.0,0.0,1.0,0.0,1.0,1.0,1.0,1.0,1.0,0,0,0,0,0,0,0,0,0,0,0,0,0,0,0,0,0,0,0,0,0,0,0,0,0,0,0,0,0,0,0,0,0,0,0,0,0,0,0,0,0,0,0,0,0,0,0,0
Cutlass,3,Weapon,8,6,0,1.0,1.0,0.0,1.0,1.0,1.0,1.0,1.0,1.0,1.0,0,0,0,0,0,1,0,0,0,0,0,0,0,0,0,0,0,0,0,0,0,0,0,0,0,0,0,0,0,0,0,0,0,0,0,0,0,0,0,0,0,0,0,0,0,0,0,0
War Hammer,3,Weapon,12,0,0,1.0,1.0,1.0,0.0,0.0,1.0,0.0,1.0,1.0,1.0,0,0,0,0,0,0,0,0,0,0,0,0,0,0,7,0,0,0,0,0,0,0,0,0,0,0,0,0,0,0,0,0,0,0,0,0,0,0,0,0,0,0,0,0,0,0,0,0
Scout's Mail,3,Armor,10,0,12,1.0,1.0,0.0,1.0,1.0,1.0,1.0,1.0,1.0,1.0,0,0,0,0,0,0,0,0,0,0,0,0,0,0,0,0,0,0,0,0,0,0,0,0,0,0,0,0,0,0,0,0,0,0,0,0,0,0,0,0,0,0,0,0,0,0,0,0
Scale Mail,3,Armor,6,6,0,1.0,1.0,0.0,1.0,0.0,1.0,1.0,1.0,1.0,1.0,0,0,0,0,0,0,0,0,0,0,0,0,0,0,0,0,0,0,5,0,0,0,0,0,0,0,0,0,0,0,0,0,0,0,0,0,0,0,0,0,0,0,0,0,0,0,0,0
Horseman's Helm,3,Helmet,8,0,8,1.0,1.0,0.0,1.0,1.0,1.0,1.0,1.0,1.0,1.0,0,0,0,0,0,0,0,0,0,0,0,0,0,0,0,0,0,0,0,0,5,0,0,0,0,0,0,0,0,0,0,0,0,0,0,0,0,0,0,0,0,0,0,0,0,0,0,0
Bone Mask,3,Helmet,6,6,0,1.0,0.0,0.0,1.0,1.0,1.0,1.0,1.0,1.0,1.0,0,0,0,0,0,0,0,0,0,0,0,0,0,0,0,0,0,0,0,0,0,0,0,0,0,1,0,0,0,0,0,0,0,0,0,0,0,0,0,0,0,0,0,0,0,0,0,0
Carver,3,Weapon,8,8,0,1.0,1.0,0.0,1.0,1.0,1.0,1.0,1.0,1.0,1.0,0,0,0,0,1,0,1,0,0,0,0,0,0,0,0,0,0,0,0,0,0,0,0,0,0,0,0,0,0,0,0,0,0,0,0,0,0,0,0,0,0,0,0,0,0,0,0,0
Elven Dirk,3,Weapon,6,6,4,1.0,1.0,0.0,1.0,1.0,1.0,1.0,0.0,0.0,0.0,0,0,0,0,0,0,0,0,0,0,0,0,0,0,0,0,0,0,0,0,0,0,0,0,0,0,0,0,0,0,0,0,0,0,0,0,0,0,0,5,0,0,0,0,0,0,0,0
Quilted Armor,3,Armor,10,4,6,1.0,1.0,0.0,1.0,1.0,1.0,1.0,1.0,1.0,1.0,0,0,0,0,0,0,0,0,0,0,0,0,0,0,0,0,0,0,0,0,0,0,0,0,0,0,0,0,0,0,0,0,0,0,0,0,0,0,0,0,0,0,0,0,0,0,0,0
Full Helm,3,Helmet,15,0,0,1.0,1.0,0.0,1.0,0.0,1.0,1.0,1.0,1.0,1.0,0,0,0,0,0,0,0,0,0,0,0,0,0,0,0,0,0,0,0,0,0,0,0,0,0,0,0,0,0,0,0,0,0,0,0,0,0,0,0,0,0,0,0,0,0,0,0,0
Trapper's Hood,3,Helmet,0,6,9,0.0,1.0,1.0,1.0,1.0,1.0,1.0,0.0,1.0,1.0,0,0,0,0,0,0,0,0,1,0,0,0,0,0,0,0,0,0,0,0,0,0,0,0,0,0,0,0,0,0,0,0,0,0,0,0,0,0,0,0,0,0,0,0,0,0,0,0
Hunter's Skin,3,Armor,0,8,6,1.0,1.0,0.0,1.0,1.0,1.0,1.0,1.0,0.0,1.0,0,0,0,0,0,0,0,0,0,0,0,0,0,0,0,0,0,0,0,0,0,0,5,0,0,0,0,0,0,0,0,0,0,0,0,0,0,0,0,0,0,0,0,0,0,0,0,0
Wizard's Fireworks,3,Accessory,0,12,0,1.0,0.0,0.0,1.0,1.0,1.0,1.0,0.0,0.0,0.0,0,0,0,0,0,0,0,0,1,0,0,0,0,0,0,0,0,0,0,0,0,0,0,0,0,0,0,0,0,0,0,0,0,0,0,0,0,0,0,0,0,0,0,0,0,0,0,0
Arnor Casque,3,Helmet,6,10,0,1.0,1.0,0.0,1.0,1.0,1.0,1.0,0.0,1.0,0.0,0,0,0,0,0,0,0,0,0,0,0,0,0,0,0,0,0,0,0,0,0,0,0,0,0,0,0,0,0,0,0,0,0,0,0,0,0,0,0,0,0,0,0,0,0,0,0,0
Elven Cloak,4,Armor,0,12,6,1.0,1.0,1.0,0.0,1.0,1.0,1.0,0.0,0.0,0.0,0,0,0,0,0,0,0,0,0,0,0,0,0,0,0,0,0,0,0,0,0,0,0,0,0,1,0,0,0,0,0,0,0,0,0,0,0,0,0,0,0,0,0,0,0,0,0,0
Night Star,4,Accessory,4,14,4,1.0,1.0,1.0,0.0,1.0,1.0,1.0,0.0,0.0,0.0,0,0,0,0,0,0,0,0,0,0,0,0,0,0,0,0,0,0,0,0,0,0,0,0,0,0,0,0,0,0,0,0,0,0,0,0,0,0,0,0,0,0,5,0,0,0,0,0
Axe of Khazad-dum,4,Weapon,21,0,0,1.0,1.0,1.0,1.0,0.0,1.0,1.0,1.0,1.0,1.0,0,0,0,0,0,0,0,0,0,0,0,0,0,0,0,0,0,0,0,0,0,0,0,0,0,0,0,0,0,0,0,0,0,0,0,0,0,0,0,0,0,0,0,0,0,0,0,0
Noldor Sword,4,Weapon,10,5,5,1.0,1.0,0.0,1.0,1.0,1.0,1.0,0.0,0.0,0.0,0,0,0,1,0,0,1,0,0,0,0,0,0,0,0,0,0,0,0,0,0,0,0,0,0,0,0,0,0,0,0,0,0,0,0,0,0,0,0,0,0,0,0,0,0,0,0,0
Silver Harp of Rivendell,4,Accessory,4,16,0,1.0,1.0,1.0,0.0,1.0,1.0,1.0,0.0,0.0,0.0,0,0,0,0,0,0,0,0,0,0,0,0,0,0,0,5,0,0,0,0,0,0,0,0,0,0,0,0,0,0,0,0,0,0,0,0,0,0,0,0,0,0,0,0,0,0,0,0
Fine Smoking Pipe,4,Accessory,0,0,20,1.0,1.0,1.0,1.0,1.0,1.0,1.0,1.0,0.0,1.0,0,0,0,0,0,0,0,0,0,0,0,0,0,0,0,0,0,0,0,0,0,0,0,0,0,0,0,0,0,0,1,0,0,0,0,0,0,0,0,0,0,0,0,0,0,0,0,0
Bow of the High Elves,4,Weapon,14,4,0,0.0,1.0,0.0,1.0,0.0,1.0,1.0,0.0,0.0,0.0,0,0,0,0,0,0,0,0,0,0,0,0,0,0,0,0,0,0,0,0,0,0,0,0,0,0,0,0,0,0,0,0,0,0,0,0,0,0,0,0,0,0,0,0,0,5,0,0
Dawn,4,Weapon,15,0,0,1.0,1.0,0.0,0.0,1.0,1.0,1.0,0.0,0.0,0.0,0,0,0,0,0,0,0,0,0,0,0,0,0,0,0,0,0,0,0,0,0,0,0,0,0,0,0,0,0,0,0,0,0,0,0,0,0,0,0,0,0,0,9,0,0,0,0,0
Nightfall,4,Weapon,14,0,9,0.0,0.0,0.0,1.0,0.0,1.0,1.0,1.0,1.0,1.0,0,0,0,0,0,0,0,0,0,0,0,0,0,0,0,0,0,0,0,0,0,0,0,0,0,0,0,0,0,0,0,0,0,0,0,0,0,0,0,0,0,0,0,0,0,0,0,5
Lhang,4,Weapon,12,8,0,1.0,1.0,0.0,1.0,1.0,1.0,1.0,0.0,0.0,0.0,0,0,0,0,0,0,0,0,0,0,0,0,0,0,0,0,0,0,0,0,0,0,0,0,0,0,0,1,0,0,0,0,0,0,0,0,0,0,0,0,0,0,0,0,0,0,0,0
Fiddle of the Eldest,4,Accessory,4,10,0,1.0,1.0,1.0,1.0,1.0,1.0,1.0,0.0,0.0,0.0,0,0,0,0,0,0,0,0,0,0,0,0,5,0,0,0,0,0,0,0,0,0,0,0,0,0,0,0,0,0,0,0,0,0,0,0,0,5,0,0,0,0,0,0,0,0,0,0
Golden Skin,4,Armor,12,12,0,1.0,1.0,0.0,1.0,1.0,1.0,1.0,1.0,1.0,1.0,0,0,0,0,0,0,0,0,0,0,0,0,0,0,0,0,0,0,0,0,0,0,0,0,0,0,0,0,0,0,0,0,0,0,0,0,0,0,0,0,0,0,0,0,0,0,0,0
Plate of the Citadel,4,Armor,4,12,0,1.0,1.0,0.0,1.0,0.0,1.0,1.0,1.0,1.0,1.0,0,0,0,0,0,0,0,0,0,0,0,0,0,0,0,0,0,0,0,9,0,0,0,0,0,0,0,0,0,0,0,0,0,0,0,0,0,0,0,0,0,0,0,0,0,0,0,0
Durin's Plate,4,Armor,14,0,0,1.0,1.0,0.0,1.0,0.0,1.0,1.0,1.0,1.0,1.0,0,0,1,0,0,0,0,0,0,0,0,0,0,0,0,0,0,0,0,0,0,0,0,0,0,0,1,0,0,0,0,0,0,0,0,0,0,0,0,0,0,0,0,0,0,0,0,0
Swan Helm,4,Helmet,4,16,0,1.0,1.0,0.0,1.0,1.0,1.0,1.0,1.0,1.0,1.0,0,0,0,0,0,0,0,0,0,0,0,0,0,0,0,0,0,0,0,5,0,0,0,0,0,0,0,0,0,0,0,0,0,0,0,0,0,0,0,0,0,0,0,0,0,0,0,0
High Elf's Helmet,4,Helmet,6,10,0,1.0,1.0,0.0,0.0,1.0,1.0,1.0,0.0,0.0,0.0,0,0,0,0,0,0,0,0,0,0,0,0,0,0,0,5,0,0,0,0,0,0,0,0,0,0,0,0,0,0,0,0,0,0,0,0,0,0,0,0,0,0,0,0,0,0,0,0
Iron Basinet,4,Helmet,14,0,0,1.0,1.0,0.0,1.0,1.0,1.0,1.0,1.0,1.0,1.0,0,0,0,0,0,0,0,0,0,0,0,0,0,0,10,0,0,0,0,0,0,0,0,0,0,0,0,0,0,0,0,0,0,0,0,0,0,0,0,0,0,0,0,0,0,0,0,0
Lothlorien Belt,4,Accessory,0,12,10,1.0,1.0,0.0,1.0,1.0,1.0,1.0,0.0,0.0,0.0,0,0,0,0,0,0,0,0,0,0,0,0,0,0,0,0,0,0,0,0,0,0,0,0,0,0,0,0,0,0,0,0,0,0,0,0,0,0,0,0,0,0,0,0,0,8,0,0
Hammer of Moria,4,Weapon,17,0,0,1.0,0.0,1.0,1.0,0.0,1.0,0.0,1.0,1.0,1.0,0,0,0,0,0,0,0,0,0,0,0,0,0,0,8,0,0,0,0,0,0,0,0,0,0,0,0,0,0,0,0,0,0,0,0,0,0,0,0,0,0,0,0,0,0,0,0,0
Sand Claw,4,Weapon,10,4,9,1.0,1.0,0.0,1.0,1.0,1.0,1.0,1.0,1.0,1.0,0,0,0,0,1,0,0,0,0,0,0,0,0,0,0,0,0,0,0,0,0,0,0,0,0,0,0,0,0,0,0,0,0,0,0,0,0,0,0,0,0,0,0,0,0,0,0,0
Reach of the Riddermark,4,Weapon,10,0,10,0.0,1.0,1.0,1.0,0.0,1.0,1.0,1.0,1.0,1.0,0,0,0,0,0,0,0,0,0,0,0,0,0,0,0,0,0,0,0,0,0,0,0,0,0,0,0,0,0,0,0,0,0,0,0,0,0,0,0,0,0,0,0,8,0,0,0,0
Mattock of the Iron Hills,4,Weapon,13,0,0,1.0,1.0,1.0,1.0,0.0,1.0,1.0,1.0,1.0,1.0,0,0,2,0,0,0,0,0,0,0,0,0,0,0,0,0,0,0,0,0,0,0,0,0,0,0,0,0,0,0,0,0,0,0,0,0,0,0,0,0,0,0,0,0,0,0,0,0
High Elf Hauberk,4,Armor,12,6,4,1.0,1.0,0.0,0.0,1.0,1.0,1.0,0.0,0.0,0.0,0,0,0,0,0,0,0,0,0,0,0,0,0,0,0,5,0,0,0,0,0,0,0,0,0,0,0,0,0,0,0,0,0,0,0,0,0,0,0,0,0,0,0,0,0,0,0,0
Erebor's Pride,4,Accessory,10,0,0,1.0,0.0,0.0,1.0,1.0,1.0,1.0,0.0,0.0,0.0,0,0,0,0,0,0,0,0,0,0,0,0,0,0,0,0,0,0,0,0,0,0,0,0,0,0,2,0,0,0,0,0,0,0,0,0,0,0,0,0,0,0,0,0,0,0,0,0
Casque of Pride,4,Helmet,11,0,0,1.0,1.0,0.0,1.0,1.0,1.0,1.0,1.0,1.0,1.0,0,0,0,0,0,0,0,0,0,0,0,0,0,0,0,0,0,0,10,0,0,0,0,0,0,0,0,0,0,0,0,0,0,0,0,0,0,0,0,0,0,0,0,0,0,0,0,0
hunter's Guide,4,Helmet,9,9,0,1.0,1.0,0.0,1.0,0.0,1.0,1.0,0.0,0.0,1.0,0,0,0,0,0,0,0,0,1,0,0,0,0,0,0,0,0,0,0,0,0,0,0,0,0,0,0,0,0,0,0,0,0,0,0,0,0,0,0,0,0,0,0,0,0,0,0,0
Warborn Battle Plate,4,Armor,11,0,0,1.0,0.0,0.0,1.0,0.0,1.0,1.0,1.0,1.0,1.0,0,0,0,0,0,0,0,0,0,0,0,0,0,0,0,0,0,0,5,0,0,0,0,0,0,0,0,0,0,0,0,0,0,0,0,0,0,0,0,0,0,5,0,0,0,0,0,0
Ranger's Shroud,4,Armor,9,0,14,0.0,1.0,0.0,1.0,1.0,1.0,1.0,1.0,1.0,1.0,0,0,0,0,0,0,0,0,1,0,0,0,0,0,0,0,0,0,0,0,0,0,0,0,0,0,0,0,0,0,0,0,0,0,0,0,0,0,0,0,0,0,0,0,0,0,0,0
Casque of the Submerged Isle,4,Helmet,10,10,4,1.0,1.0,0.0,1.0,1.0,1.0,1.0,1.0,1.0,1.0,0,0,0,0,0,0,0,0,0,0,0,0,0,0,0,0,0,0,0,0,0,0,0,0,0,0,0,0,0,0,0,0,0,0,0,0,0,0,0,0,0,0,0,0,0,0,0,0
Caul of the Forest,4,Helmet,0,8,0,1.0,1.0,1.0,1.0,1.0,1.0,1.0,0.0,1.0,0.0,0,0,0,0,0,0,0,0,0,0,0,0,0,15,0,0,0,0,0,0,0,0,0,0,0,0,0,0,0,0,0,0,0,0,0,0,0,0,0,0,0,0,0,0,0,0,0,0
Ent'draught Calabash,4,Accessory,10,0,0,1.0,1.0,1.0,1.0,1.0,1.0,1.0,1.0,1.0,1.0,0,0,0,0,0,0,0,0,0,0,0,0,0,0,0,0,0,0,0,0,0,0,0,0,0,2,0,0,0,0,0,0,0,0,0,0,0,0,0,0,0,0,0,0,0,0,0,0
Grey Wizard hat,4,Helmet,0,16,0,1.0,1.0,1.0,1.0,1.0,1.0,1.0,0.0,1.0,0.0,0,0,0,0,0,0,0,0,0,0,0,0,0,0,0,0,0,0,0,0,0,0,0,0,0,0,1,1,0,1,0,1,0,0,0,0,0,0,0,0,0,0,0,0,0,0,0,0
Elven White Knife,4,Weapon,12,0,0,1.0,1.0,0.0,1.0,1.0,1.0,1.0,0.0,0.0,0.0,0,0,0,2,0,0,0,0,0,0,0,0,0,0,0,0,0,0,0,0,0,0,0,0,0,0,0,0,0,0,0,0,0,0,0,0,0,0,0,0,0,0,0,0,0,0,0,0
Obsidian Dagger,4,Weapon,8,12,0,0.0,0.0,0.0,1.0,0.0,1.0,0.0,0.0,1.0,0.0,0,0,0,0,0,0,0,0,0,0,1,0,0,0,0,0,0,0,0,0,0,0,0,0,0,0,0,0,0,0,0,0,0,0,0,0,0,0,0,0,0,0,0,0,0,0,0,0
Mirkwood's Thorns,4,Weapon,4,10,0,0.0,1.0,1.0,0.0,0.0,1.0,0.0,0.0,0.0,0.0,0,2,0,0,0,0,0,0,0,0,0,0,0,0,0,0,0,0,0,0,0,0,0,0,0,0,0,0,0,0,0,0,0,0,0,0,0,0,0,0,0,0,0,0,0,0,0,0
Explorer's Outfit,4,Armor,10,10,0,0.0,0.0,0.0,0.0,1.0,1.0,1.0,0.0,0.0,0.0,0,0,0,0,0,0,0,0,0,0,0,0,0,0,0,0,0,0,0,0,0,0,0,0,0,0,0,0,0,1,0,1,0,0,0,0,0,0,0,0,0,0,0,0,0,0,0,0
Massive Breastplate,4,Armor,8,0,0,1.0,1.0,1.0,1.0,1.0,1.0,1.0,1.0,1.0,1.0,0,0,0,0,0,0,0,0,0,0,0,0,10,0,0,0,0,5,0,0,0,0,0,0,0,0,0,0,0,0,0,0,0,0,0,0,0,0,0,0,0,0,0,0,0,0,0,0
Defender of the Mountain,4,Accessory,0,14,0,1.0,0.0,0.0,0.0,0.0,1.0,0.0,0.0,0.0,0.0,0,0,0,0,0,0,0,0,0,0,0,0,0,0,10,0,0,0,0,0,0,0,0,0,0,0,0,0,0,0,0,0,0,0,0,0,0,0,0,0,0,0,0,0,0,0,0,0
Box of Knowledge,4,Accessory,8,8,0,1.0,1.0,1.0,1.0,1.0,1.0,1.0,1.0,1.0,1.0,0,0,0,0,0,0,0,0,0,0,0,0,0,0,0,0,0,0,0,0,0,0,0,0,0,1,0,0,0,0,0,0,0,0,0,0,0,0,0,0,0,0,0,0,0,0,0,0
Mithril Coat,4,Armor,8,0,0,1.0,1.0,0.0,1.0,1.0,1.0,1.0,1.0,1.0,1.0,0,0,0,0,0,0,0,0,0,0,0,0,12,0,0,0,0,0,0,0,0,0,0,0,0,0,0,0,0,0,0,0,0,0,0,0,0,0,0,0,0,0,0,0,0,0,0,0
Haradrim' Scarf,2,Helmet,6,6,0,1.0,1.0,0.0,1.0,1.0,1.0,1.0,1.0,1.0,1.0,0,0,0,0,0,0,0,0,0,0,0,0,0,0,0,0,0,0,0,0,0,0,0,0,0,0,0,0,0,0,0,0,0,0,0,0,0,0,0,0,0,0,0,0,0,0,0,0
Drums of Moria,3,Accessory,4,4,6,1.0,0.0,0.0,1.0,1.0,1.0,0.0,1.0,1.0,1.0,0,0,0,0,0,1,0,0,0,0,0,0,0,0,0,0,0,0,0,0,0,0,0,0,0,0,0,0,0,0,0,0,0,0,0,0,0,0,0,0,0,0,0,0,0,0,0,0
Uruk Crossbow,3,Weapon,12,0,0,1.0,0.0,0.0,1.0,1.0,1.0,1.0,1.0,1.0,1.0,0,0,0,0,0,0,0,0,1,0,0,0,0,0,0,0,0,0,0,0,0,0,0,0,0,0,0,0,0,0,0,0,0,0,0,0,0,0,0,0,0,0,0,0,0,0,0,0
Uruk-hai Broadsword,3,Weapon,12,0,0,1.0,0.0,0.0,1.0,1.0,1.0,1.0,1.0,1.0,1.0,0,0,0,0,0,0,0,0,0,0,0,0,0,0,0,0,0,0,0,0,0,0,0,0,0,0,0,0,0,0,0,0,1,0,0,1,0,0,0,0,0,0,0,0,0,0,0,0
Superior Hauberk,3,Armor,10,0,0,1.0,0.0,0.0,1.0,1.0,1.0,1.0,1.0,1.0,1.0,0,0,0,0,0,0,0,0,0,0,0,0,5,0,0,0,0,0,0,0,0,0,0,0,0,0,0,0,0,0,0,0,0,0,0,0,0,0,0,0,0,0,0,0,0,0,0,0
Brutal Helmet,3,Helmet,8,0,6,1.0,0.0,0.0,1.0,1.0,1.0,1.0,1.0,1.0,1.0,0,0,0,0,0,0,0,0,0,0,0,0,0,0,0,0,0,0,0,0,0,0,0,0,0,0,0,0,0,0,1,0,0,0,0,0,0,0,0,0,0,0,0,0,0,0,0,0
Easterling Spear,3,Weapon,6,2,6,0.0,1.0,1.0,1.0,0.0,1.0,1.0,1.0,1.0,1.0,0,0,0,0,1,0,0,0,0,0,0,0,0,0,0,0,0,0,0,0,0,0,0,0,0,0,0,0,0,0,0,0,0,0,0,0,0,0,0,0,0,0,0,0,0,0,0,0
Bone Talisman,3,Accessory,4,10,6,0.0,0.0,0.0,1.0,0.0,1.0,0.0,1.0,1.0,1.0,0,0,0,0,0,0,0,0,0,0,0,0,0,0,0,0,0,0,0,0,0,0,0,0,0,0,0,0,0,0,0,0,0,0,0,0,0,0,0,0,0,0,0,0,0,0,0,0
Goblin Armor,3,Armor,12,4,0,0.0,0.0,0.0,1.0,0.0,1.0,0.0,1.0,1.0,1.0,0,0,0,0,0,0,0,0,0,0,0,0,0,0,0,0,0,0,0,0,0,3,0,0,3,0,0,0,0,0,0,0,0,0,0,0,0,0,0,0,0,0,0,0,0,0,0,0
Shield of the White Hand,3,Accessory,4,10,0,0.0,0.0,0.0,1.0,0.0,1.0,0.0,1.0,1.0,1.0,0,0,0,0,0,0,0,0,0,0,0,0,0,0,0,0,0,0,0,0,0,4,0,0,4,0,0,0,0,0,0,0,0,0,0,0,0,0,0,0,0,0,0,0,0,0,0,0
Drums of Barad-dur,4,Accessory,8,10,0,0.0,0.0,0.0,1.0,0.0,1.0,0.0,1.0,1.0,1.0,0,0,0,0,0,1,0,0,0,0,0,0,0,0,0,0,0,0,0,0,0,0,0,0,0,0,0,0,0,0,0,0,0,0,0,0,0,0,0,0,0,0,0,0,0,0,0,0
Morgul Blade,4,Weapon,8,8,4,0.0,0.0,0.0,1.0,0.0,1.0,0.0,1.0,1.0,1.0,0,0,0,0,0,0,0,1,0,1,0,1,0,0,0,0,0,0,0,0,0,0,0,0,0,0,0,0,0,0,0,0,0,0,0,0,0,0,0,0,0,0,0,0,0,0,0,0
Spear of Udun,4,Weapon,10,4,6,0.0,0.0,0.0,0.0,0.0,1.0,0.0,1.0,1.0,1.0,0,0,0,0,0,0,0,0,0,0,0,0,0,0,0,0,0,0,0,0,0,0,0,0,0,0,0,0,0,0,0,0,0,0,0,0,0,0,5,0,0,0,0,0,5,0,5,0
Palantir of Orthanc,4,Accessory,2,14,0,1.0,1.0,1.0,1.0,0.0,1.0,1.0,1.0,1.0,1.0,1,0,0,0,0,0,0,0,0,0,0,0,0,0,0,0,0,0,0,0,0,0,0,0,0,0,0,0,0,0,0,0,0,0,0,0,0,0,0,0,0,0,0,0,0,0,0,0
The Black Mace,4,Weapon,16,4,0,1.0,0.0,1.0,0.0,0.0,1.0,0.0,1.0,1.0,1.0,0,0,0,0,0,0,0,1,0,0,0,0,0,0,0,0,0,0,0,0,0,0,0,0,0,0,0,0,0,0,0,0,0,0,0,0,0,0,0,0,0,0,0,0,0,0,0,0
Reckoning,4,Weapon,13,0,10,0.0,0.0,0.0,1.0,0.0,1.0,0.0,1.0,1.0,1.0,0,0,0,0,1,0,0,1,0,0,0,1,0,0,0,0,0,0,0,0,0,0,0,0,0,0,0,0,0,0,0,0,0,0,0,0,0,0,0,0,0,0,0,0,0,0,0,0
Easterling Helm,4,Helmet,10,6,0,1.0,1.0,0.0,1.0,1.0,1.0,1.0,1.0,1.0,1.0,0,0,0,0,0,0,0,0,0,0,0,0,0,0,0,0,8,0,0,0,0,0,0,0,0,0,0,0,0,0,0,0,0,0,0,0,0,0,0,0,0,0,0,0,0,0,0,0
Black Bow,4,Weapon,18,4,0,0.0,0.0,0.0,1.0,0.0,1.0,1.0,1.0,1.0,1.0,0,0,0,0,0,0,0,0,1,0,0,0,0,0,0,0,0,0,0,0,0,0,0,0,0,0,0,0,0,0,0,0,0,0,0,0,0,0,0,0,0,0,0,0,0,0,0,0
Signet of the Barrows,4,Accessory,10,0,0,0.0,0.0,0.0,1.0,0.0,1.0,0.0,1.0,1.0,1.0,0,0,0,0,0,0,0,0,0,0,0,0,0,0,0,0,0,0,0,0,0,0,0,0,0,0,0,0,1,0,0,0,1,0,0,0,0,0,0,0,7,0,0,0,7,0,0,0
Berserker's Gaze,4,Helmet,18,0,0,1.0,0.0,0.0,1.0,0.0,1.0,0.0,1.0,1.0,1.0,0,0,0,0,0,0,0,0,0,0,0,1,0,0,0,0,0,0,0,0,0,0,0,0,0,0,0,0,0,0,0,0,0,0,0,0,0,0,0,0,0,0,0,0,0,0,0,0
Berserker's Raiment,4,Armor,18,0,0,1.0,0.0,0.0,1.0,0.0,1.0,0.0,1.0,1.0,1.0,0,0,0,0,0,0,0,0,0,0,0,0,0,0,0,0,0,0,0,0,0,0,0,0,0,0,0,0,0,0,0,0,0,0,0,1,0,0,0,0,0,0,0,0,0,0,0,0
War Helm,4,Helmet,10,10,0,0.0,0.0,0.0,1.0,0.0,1.0,0.0,1.0,1.0,1.0,0,0,0,0,0,0,0,0,0,0,0,0,0,0,0,0,0,0,0,0,0,5,0,0,0,0,0,0,0,0,0,0,0,0,0,0,0,0,0,0,0,0,0,0,0,0,0,0
Orthanc's Devilrry,4,Accessory,12,0,0,0.0,0.0,0.0,0.0,0.0,1.0,0.0,1.0,1.0,1.0,0,0,0,0,0,0,0,0,0,0,0,0,0,0,0,0,0,0,0,0,0,0,0,0,0,0,0,0,0,0,0,0,0,0,0,0,4,0,0,0,0,0,0,0,0,0,0,0
Greatplate of the East,4,Armor,10,0,0,0.0,0.0,0.0,1.0,0.0,1.0,1.0,0.0,0.0,1.0,0,0,0,0,0,0,0,0,0,0,0,0,0,0,0,0,0,0,0,0,0,0,0,0,0,0,0,0,2,0,0,0,0,0,0,0,0,0,0,0,0,0,0,0,0,0,0,0
Bone Armour,4,Armor,12,5,0,0.0,0.0,0.0,1.0,0.0,1.0,0.0,1.0,1.0,1.0,0,0,0,0,0,0,0,0,0,0,0,0,0,0,0,0,0,0,0,0,0,8,0,0,0,0,0,0,0,0,0,0,0,0,0,0,0,0,0,0,0,0,0,0,0,0,0,0
Tracker Plate,4,Armor,8,6,0,0.0,0.0,0.0,1.0,0.0,1.0,0.0,1.0,1.0,1.0,0,0,0,0,0,0,0,0,0,0,0,0,0,0,0,0,0,0,0,0,0,10,0,0,10,0,0,0,0,0,0,0,0,0,0,0,0,0,0,0,0,0,0,0,0,0,0,0
Protection of Numenor,4,Armor,14,0,0,0.0,0.0,0.0,1.0,0.0,1.0,1.0,0.0,1.0,1.0,0,0,0,0,0,0,0,0,0,0,0,0,0,0,0,0,0,0,0,0,0,0,0,0,0,0,0,0,2,0,0,0,0,0,2,0,0,0,0,0,0,0,0,0,0,0,0,0
Orcish Great Helm,4,Helmet,14,0,0,0.0,0.0,0.0,0.0,0.0,1.0,0.0,1.0,0.0,0.0,0,0,0,0,0,0,0,0,0,0,0,0,0,0,0,0,0,0,0,0,0,10,0,10,0,0,0,0,0,0,0,0,0,0,0,0,0,0,0,0,0,0,0,0,0,0,0,0
Chieftain's Gaze,4,Helmet,12,8,0,0.0,0.0,0.0,0.0,0.0,1.0,0.0,0.0,0.0,1.0,0,0,0,0,0,0,0,0,0,0,0,1,0,0,0,0,0,0,0,0,0,0,0,0,0,0,0,0,0,0,0,0,0,0,0,0,0,0,0,0,0,0,0,0,0,0,0,0
